overall_rank,div_rank,Nombre,Apellido,Categoria,tiempo oficial,tiempo neto,sexo,bib,nationality,swim,bike,run_first,run_last
1,1 / 81,Sanchez Sañudo Fernando,,25-29 M,00:33:56,00:33:56,,194,,,,,
2,1 / 77,Castillo Jorge Ariel,,30-34 M,00:34:39,00:34:39,,272,,,,,
3,1 / 70,Santoro Diego,,35-39 M,00:34:43,00:34:43,,517,,,,,
4,2 / 81,Gabriel Bouret,,25-29 M,00:34:59,00:34:58,,453,,,,,
5,2 / 70,Marcovecchio Sebastian,,35-39 M,00:35:00,00:34:58,,649,,,,,
6,1 / 27,Maria Laura Garcete,,25-29 F,00:38:09,00:38:08,,1484,,,,,
7,1 / 47,Martinez Ezequiel,,18-24 M,00:38:19,00:38:14,,1310,,,,,
8,3 / 70,Maldonado Cristian,,35-39 M,00:38:44,00:38:42,,728,,,,,
9,2 / 77,Javier Oubiña,,30-34 M,00:38:52,00:38:50,,585,,,,,
10,1 / 27,Fabian Giraldez,,50-54 M,00:39:04,00:39:03,,373,,,,,
11,3 / 77,Adriel Choque,,30-34 M,00:39:11,00:39:10,,1194,,,,,
12,3 / 81,Manay Gustavo,,25-29 M,00:39:11,00:39:10,,654,,,,,
13,1 / 53,Garcia Santiago,,45-49 M,00:39:16,00:39:15,,744,,,,,
14,1 / 68,Santiago Rovira,,40-44 M,00:39:19,00:39:19,,151,,,,,
15,4 / 70,Ariel Maximiliano Bertoldi,,35-39 M,00:39:26,00:39:21,,57,,,,,
16,4 / 81,Vázquez Matías,,25-29 M,00:39:28,00:39:27,,860,,,,,
17,1 / 26,Franco Ricardo,,55-59 M,00:39:36,00:39:31,,1255,,,,,
18,5 / 70,Garcia Mariano,,35-39 M,00:39:41,00:39:40,,1346,,,,,
19,2 / 27,Pañella Daniel,,50-54 M,00:39:51,00:39:50,,872,,,,,
20,1 / 39,Saun Marina,,35-39 F,00:39:55,00:39:53,,262,,,,,
21,6 / 70,Salvador Leandro,,35-39 M,00:40:03,00:40:00,,269,,,,,
22,4 / 77,Iannello Gustavo,,30-34 M,00:40:21,00:40:13,,663,,,,,
23,2 / 27,Martinez Sabrina Gabriela,,25-29 F,00:40:29,00:40:27,,274,,,,,
24,2 / 53,Nestor Omar Mendella,,45-49 M,00:40:50,00:40:47,,602,,,,,
25,5 / 81,Borthagaray Juan Pablo,,25-29 M,00:41:02,00:40:50,,486,,,,,
26,2 / 68,Saravia Federico,,40-44 M,00:41:07,00:41:00,,1345,,,,,
27,7 / 70,Finelli Fernando,,35-39 M,00:41:15,00:41:13,,666,,,,,
28,3 / 53,Daniel Gustavo Accomazzo,,45-49 M,00:41:18,00:41:15,,606,,,,,
29,8 / 70,Emanuel Rodriguez,,35-39 M,00:41:22,00:41:19,,412,,,,,
30,9 / 70,Viero Ezequiel,,35-39 M,00:41:40,00:41:29,,263,,,,,
31,4 / 53,Gabriel De Aracil,,45-49 M,00:41:32,00:41:30,,54,,,,,
32,5 / 77,Wigand César Alberto,,30-34 M,00:41:54,00:41:51,,692,,,,,
33,5 / 53,Cladera Juan José,,45-49 M,00:41:55,00:41:54,,1110,,,,,
34,10 / 70,Maiz Enrique,,35-39 M,00:42:08,00:41:57,,191,,,,,
35,1 / 1,FEDERICO TROSTDORF,,20-24 M,00:42:11,00:42:10,,468,,,,,
36,3 / 68,Perez Martin Federico,,40-44 M,00:42:18,00:42:16,,544,,,,,
37,6 / 81,Garcia Norberto,,25-29 M,00:42:28,00:42:16,,803,,,,,
38,2 / 47,Maximiliano Arcangel Juarez,,18-24 M,00:42:18,00:42:17,,77,,,,,
39,7 / 81,Ollier Benjamin,,25-29 M,00:42:21,00:42:18,,1168,,,,,
40,8 / 81,Weber Matias,,25-29 M,00:42:28,00:42:18,,1341,,,,,
41,4 / 68,Avalos Christian,,40-44 M,00:42:29,00:42:21,,1200,,,,,
42,9 / 81,Jose Antonio Aranda,,25-29 M,00:42:36,00:42:34,,367,,,,,
43,3 / 47,Rodrigo Daniel Lopez,,18-24 M,00:43:26,00:42:47,,109,,,,,
44,- / 32,Carlos Flamenco,,0-0 M,00:42:54,00:42:52,,856,,,,,
45,5 / 68,Romero Daniel Omar,,40-44 M,00:42:56,00:42:54,,680,,,,,
46,6 / 53,Pando Andrés Federico,,45-49 M,00:43:12,00:43:08,,1330,,,,,
47,6 / 68,De Mercedes Hector Cristian,,40-44 M,00:43:22,00:43:08,,814,,,,,
48,6 / 77,Matias Defilippe,,30-34 M,00:43:10,00:43:09,,1,,,,,
49,3 / 27,Alberto Balsi,,50-54 M,00:43:18,00:43:15,,134,,,,,
50,11 / 70,Gaston Lopez Emiliano,,35-39 M,00:43:47,00:43:20,,822,,,,,
51,1 / 38,Maite Loreley Belza,,40-44 F,00:43:52,00:43:26,,291,,,,,
52,7 / 77,Crozza Leandro,,30-34 M,00:43:38,00:43:28,,1148,,,,,
53,8 / 77,Cueva Alejandro,,30-34 M,00:43:59,00:43:32,,781,,,,,
54,9 / 77,Rene Alejandro Ortiz,,30-34 M,00:43:42,00:43:35,,128,,,,,
55,10 / 81,Pablo Simon,,25-29 M,00:44:11,00:43:41,,875,,,,,
56,2 / 39,Gabriela Muiña,,35-39 F,00:43:44,00:43:43,,336,,,,,
57,7 / 53,Silvio Lamonica,,45-49 M,00:43:59,00:43:48,,60,,,,,
58,4 / 47,Bustamante Alarcon Ezequiel Ivan,,18-24 M,00:43:54,00:43:50,,543,,,,,
59,7 / 68,Fraquelli Carlos,,40-44 M,00:44:06,00:43:55,,725,,,,,
60,5 / 47,Mauricio Hernan Medina,,18-24 M,00:44:04,00:43:56,,855,,,,,
61,- / 32,Unknown,,0-0 M,00:44:20,00:43:56,,1220,,,,,
62,11 / 81,Hidalgo Luciano,,25-29 M,00:44:30,00:43:59,,802,,,,,
63,12 / 81,Araya Diego,,25-29 M,00:44:09,00:44:01,,1141,,,,,
64,8 / 68,Heuman Pablo,,40-44 M,00:44:10,00:44:07,,810,,,,,
65,12 / 70,Callone Santiago,,35-39 M,00:44:14,00:44:07,,1318,,,,,
66,2 / 38,Speranza Silvana,,40-44 F,00:44:09,00:44:08,,244,,,,,
67,13 / 81,Edgar Cueva Ferreira,,25-29 M,00:44:21,00:44:13,,174,,,,,
68,8 / 53,Silvio Amodio,,45-49 M,00:44:22,00:44:14,,136,,,,,
69,13 / 70,Diego Ariel Rondona,,35-39 M,00:44:20,00:44:16,,137,,,,,
70,14 / 81,Ciarlo Damian,,25-29 M,00:45:03,00:44:24,,863,,,,,
71,9 / 68,Jose Chafranski,,40-44 M,00:44:29,00:44:26,,873,,,,,
72,3 / 39,Luisa Korn,,35-39 F,00:44:39,00:44:27,,31,,,,,
73,10 / 77,Almiron Lucas,,30-34 M,00:44:35,00:44:33,,235,,,,,
74,10 / 68,Nakasaki Diaz Javier E,,40-44 M,00:44:42,00:44:40,,540,,,,,
75,14 / 70,Martinez Esteban,,35-39 M,00:44:55,00:44:53,,1205,,,,,
76,11 / 77,Diaz Marcelo,,30-34 M,00:45:03,00:44:54,,757,,,,,
77,1 / 20,Troffe María De Los Angeles,,45-49 F,00:44:56,00:44:55,,708,,,,,
78,12 / 77,Eduardo Daniel Sofia,,30-34 M,00:45:02,00:44:58,,443,,,,,
79,1 / 8,Brea Geronimo,,1-17 M,00:45:49,00:44:58,,187,,,,,
80,9 / 53,Maltha Daniel Ernest,,45-49 M,00:45:46,00:45:06,,223,,,,,
81,15 / 81,Alejandro Baggieri,,25-29 M,00:45:17,00:45:08,,104,,,,,
82,16 / 81,Leonel Matias Babio,,25-29 M,00:45:55,00:45:19,,576,,,,,
83,10 / 53,Coluccio Sergio,,45-49 M,00:45:26,00:45:20,,755,,,,,
84,6 / 47,Escobar Daniel Antonio,,18-24 M,00:45:27,00:45:20,,763,,,,,
85,17 / 81,Andriotti Fabian Ezequiel,,25-29 M,00:45:29,00:45:21,,722,,,,,
86,11 / 68,Myeynet Ariel,,40-44 M,00:46:00,00:45:27,,861,,,,,
87,12 / 68,Fernandez Sergio Samuel,,40-44 M,00:45:32,00:45:31,,1135,,,,,
88,15 / 70,Tripicio Yair,,35-39 M,00:45:38,00:45:32,,529,,,,,
89,11 / 53,Honczaryk Marcelo Daniel,,45-49 M,00:45:41,00:45:35,,1309,,,,,
90,1 / 35,Lopez Portina Gabriela,,30-34 F,00:45:46,00:45:39,,1189,,,,,
91,7 / 47,Picco Juan Ignacio,,18-24 M,00:45:50,00:45:39,,482,,,,,
92,3 / 27,Maria Laura Goldman Fort,,25-29 F,00:45:46,00:45:42,,437,,,,,
93,12 / 53,Hernandez Gabriel Pablo,,45-49 M,00:45:49,00:45:47,,237,,,,,
94,4 / 27,Brancos Juliana,,25-29 F,00:46:10,00:45:47,,1311,,,,,
95,13 / 68,Santillan Gustavo Andres,,40-44 M,00:46:11,00:45:57,,806,,,,,
96,16 / 70,Lucero Claudio,,35-39 M,00:47:46,00:45:57,,807,,,,,
97,14 / 68,Ariel Heinze,,40-44 M,00:46:22,00:46:05,,239,,,,,
98,18 / 81,Monachesi Sebastián,,25-29 M,00:46:54,00:46:05,,268,,,,,
99,19 / 81,Torales German Nicolas,,25-29 M,00:47:55,00:46:10,,1104,,,,,
100,- / 32,Hernan Dambrosio,,0-0 M,00:46:21,00:46:11,,75,,,,,
101,15 / 68,Diego Valdman,,40-44 M,00:46:20,00:46:12,,175,,,,,
102,17 / 70,Juan Manuel Panizza,,35-39 M,00:46:18,00:46:14,,309,,,,,
103,8 / 47,Fernandez Alan Nicolas,,18-24 M,00:46:50,00:46:20,,511,,,,,
104,13 / 77,Chuliber Fernando,,30-34 M,00:46:26,00:46:22,,523,,,,,
105,2 / 26,Juan Carlos Roze Hnal,,55-59 M,00:47:58,00:46:22,,586,,,,,
106,9 / 47,Tomas Fusco,,18-24 M,00:46:25,00:46:23,,25,,,,,
107,3 / 26,Rajngewerc Sergio Ariel,,55-59 M,00:46:31,00:46:26,,542,,,,,
108,- / 32,Unknown,,0-0 M,00:46:50,00:46:26,,1228,,,,,
109,10 / 47,Ramos Facundo,,18-24 M,00:46:31,00:46:28,,720,,,,,
110,18 / 70,Sosa Hugo Ricardo,,35-39 M,00:46:44,00:46:39,,193,,,,,
111,13 / 53,Daniel Pinto,,45-49 M,00:47:08,00:46:46,,588,,,,,
112,20 / 81,Jose Leonardo Aguirre,,25-29 M,00:46:56,00:46:47,,415,,,,,
113,14 / 77,Meliqueo Nicolas,,30-34 M,00:46:56,00:46:47,,556,,,,,
114,21 / 81,Balverdi Juan,,25-29 M,00:47:14,00:46:49,,502,,,,,
115,22 / 81,Montiel Martin,,25-29 M,00:48:15,00:46:50,,1337,,,,,
116,23 / 81,Pablo Daniel Burgos,,25-29 M,00:48:15,00:46:50,,380,,,,,
117,- / 32,Unknown,,0-0 M,00:47:03,00:46:57,,1214,,,,,
118,16 / 68,Garcia Fernando,,40-44 M,00:47:16,00:46:57,,1192,,,,,
119,14 / 53,Ibarra Claudio Martin,,45-49 M,00:47:11,00:46:58,,1261,,,,,
120,4 / 26,Camilletti Adalberto,,55-59 M,00:47:10,00:47:02,,709,,,,,
121,4 / 27,Marcelo Rey,,50-54 M,00:47:26,00:47:07,,590,,,,,
122,15 / 77,Fabiano Juan Pablo,,30-34 M,00:47:18,00:47:12,,782,,,,,
123,24 / 81,Liehr Oscar Mario,,25-29 M,00:47:57,00:47:13,,804,,,,,
124,2 / 35,Florencia Kasparas,,30-34 F,00:47:26,00:47:22,,152,,,,,
125,17 / 68,Diaz Ciro,,40-44 M,00:47:27,00:47:22,,209,,,,,
126,25 / 81,Ovalle Emanuel Flamingo,,25-29 M,00:47:36,00:47:23,,558,,,,,
127,16 / 77,Gomez Pablo,,30-34 M,00:49:14,00:47:28,,518,,,,,
128,26 / 81,Almiron Damian,,25-29 M,00:47:33,00:47:31,,1292,,,,,
129,5 / 27,Ghigliazza Roberto Gustavo,,50-54 M,00:48:03,00:47:32,,1293,,,,,
130,5 / 27,Sere Rocio,,25-29 F,00:47:39,00:47:34,,1282,,,,,
131,17 / 77,Canete Facundo,,30-34 M,00:47:39,00:47:35,,1280,,,,,
132,18 / 68,Nieto Damian Gustavo,,40-44 M,00:48:16,00:47:38,,866,,,,,
133,27 / 81,Damian Alejandro Giolondo,,25-29 M,00:47:49,00:47:43,,834,,,,,
134,19 / 68,Cacio Javier,,40-44 M,00:47:48,00:47:46,,1136,,,,,
135,19 / 70,Silva De Queiroz Leandro,,35-39 M,00:47:55,00:47:46,,711,,,,,
136,18 / 77,Murphy Esteban,,30-34 M,00:50:14,00:47:46,,495,,,,,
137,4 / 39,Maria Ester Nuñez,,35-39 F,00:47:53,00:47:47,,56,,,,,
138,2 / 8,Ivo David Ponce,,1-17 M,00:48:42,00:47:48,,32,,,,,
139,28 / 81,Juan Manuel Goncalves Neiva Novo,,25-29 M,00:48:20,00:47:51,,628,,,,,
140,29 / 81,Federico Lettieri,,25-29 M,00:49:40,00:47:51,,432,,,,,
141,20 / 68,Simas Velho Radames,,40-44 M,00:48:04,00:47:57,,233,,,,,
142,20 / 70,Paz Diego,,35-39 M,00:49:38,00:47:58,,1187,,,,,
143,21 / 70,Gabriel Vega,,35-39 M,00:48:14,00:48:02,,96,,,,,
144,5 / 26,Esses Claudio,,55-59 M,00:48:11,00:48:03,,251,,,,,
145,30 / 81,Negri Juan Carlos,,25-29 M,00:49:48,00:48:11,,217,,,,,
146,19 / 77,Torres Flavio,,30-34 M,00:48:59,00:48:12,,1328,,,,,
147,6 / 26,Inda Juan Jose,,55-59 M,00:48:23,00:48:14,,1177,,,,,
148,11 / 47,Cellucci Luciano Angel,,18-24 M,00:48:39,00:48:15,,21,,,,,
149,15 / 53,Medina Claudio Hugo,,45-49 M,00:48:24,00:48:17,,1152,,,,,
150,3 / 38,Becquart Yorladi,,40-44 F,00:48:40,00:48:20,,761,,,,,
151,4 / 38,Debatisse Audrey,,40-44 F,00:48:40,00:48:20,,182,,,,,
152,3 / 8,Martin Alberto Almagro,,1-17 M,00:49:40,00:48:23,,34,,,,,
153,6 / 27,Mercedes Lucero,,25-29 F,00:48:43,00:48:29,,162,,,,,
154,12 / 47,Sielicki Brian Nahuel,,18-24 M,00:50:17,00:48:32,,536,,,,,
155,22 / 70,Chavez Hernan,,35-39 M,00:48:47,00:48:37,,249,,,,,
156,21 / 68,Juan Jose Espilocin,,40-44 M,00:48:53,00:48:38,,462,,,,,
157,1 / 15,Gustavo Cesar Alonso,,60-64 M,00:48:44,00:48:41,,26,,,,,
158,5 / 38,Vallino Maria Soledad,,40-44 F,00:50:00,00:48:42,,785,,,,,
159,13 / 47,Rocha Maximiiano Cruz,,18-24 M,00:48:59,00:48:45,,192,,,,,
160,23 / 70,Hernan Pandolfi,,35-39 M,00:49:55,00:48:46,,640,,,,,
161,24 / 70,Bruno Brinzo,,35-39 M,00:49:57,00:48:49,,622,,,,,
162,5 / 39,Martinez Natalia,,35-39 F,00:49:32,00:48:51,,490,,,,,
163,- / 32,Ignacio Albornoz,,0-0 M,00:49:08,00:48:52,,879,,,,,
164,6 / 39,Roman Guadalupe,,35-39 F,00:49:36,00:48:52,,795,,,,,
165,20 / 77,Nicolas Anguera,,30-34 M,00:49:10,00:48:53,,426,,,,,
166,22 / 68,Meza Eduardo,,40-44 M,00:50:11,00:48:54,,745,,,,,
167,7 / 26,Julio Carruego,,55-59 M,00:50:36,00:49:04,,624,,,,,
168,4 / 8,Francisco Mansilla,,1-17 M,00:49:22,00:49:09,,52,,,,,
169,21 / 77,Maiale Guillermo,,30-34 M,00:50:37,00:49:11,,751,,,,,
170,6 / 38,Barbara Eisenberg,,40-44 F,00:50:23,00:49:14,,639,,,,,
171,31 / 81,Lugo Luciano,,25-29 M,00:49:38,00:49:15,,498,,,,,
172,25 / 70,Petraroia Claudio,,35-39 M,00:49:22,00:49:17,,1181,,,,,
173,32 / 81,Lugo Dario,,25-29 M,00:49:45,00:49:23,,497,,,,,
174,23 / 68,Davidovich Michel,,40-44 M,00:49:51,00:49:24,,697,,,,,
175,16 / 53,Oberman Victor,,45-49 M,00:49:38,00:49:25,,229,,,,,
176,14 / 47,Angelini Luciano,,18-24 M,00:50:14,00:49:27,,707,,,,,
177,7 / 39,Altamirano Maria Fernanda,,35-39 F,00:50:48,00:49:28,,661,,,,,
178,17 / 53,D'emilio Daniel Luis,,45-49 M,00:49:41,00:49:31,,688,,,,,
179,24 / 68,Abel Minaberrigaray,,40-44 M,00:49:57,00:49:31,,404,,,,,
180,8 / 26,Grippo Daniel Osvaldo,,55-59 M,00:49:42,00:49:33,,758,,,,,
181,33 / 81,Maximiliano Marufo Da Silva,,25-29 M,00:49:52,00:49:36,,23,,,,,
182,2 / 20,Oribe Gabriela Cristina,,45-49 F,00:50:00,00:49:37,,778,,,,,
183,2 / 15,Perez Castillo Arturo Alfredo,,60-64 M,00:50:19,00:49:39,,253,,,,,
184,18 / 53,Tarela Tomas,,45-49 M,00:50:11,00:49:53,,1175,,,,,
185,26 / 70,Flores Cesar Hernan,,35-39 M,00:50:32,00:49:55,,1140,,,,,
186,15 / 47,Sabaté Juan Francisco,,18-24 M,00:51:11,00:49:56,,1304,,,,,
187,5 / 8,Guglielmotti Nicolas,,1-17 M,00:50:10,00:49:57,,515,,,,,
188,19 / 53,Rodas Fabian,,45-49 M,00:50:48,00:49:59,,694,,,,,
189,27 / 70,Torres Matias,,35-39 M,00:50:11,00:50:00,,227,,,,,
190,- / 32,Unknown,,0-0 M,00:50:40,00:50:03,,1233,,,,,
191,6 / 27,Forlenza Marcelo Daniel,,50-54 M,00:51:41,00:50:04,,248,,,,,
192,22 / 77,Truscello Dario Nicolas,,30-34 M,00:50:54,00:50:07,,1120,,,,,
193,25 / 68,Eduardo Moreno,,40-44 M,00:50:32,00:50:08,,631,,,,,
194,28 / 70,Christian Federico Suarez,,35-39 M,00:50:59,00:50:10,,304,,,,,
195,23 / 77,Ignacio Franco,,30-34 M,00:50:39,00:50:11,,463,,,,,
196,- / 32,Victor Gamarra,,0-0 M,00:50:39,00:50:11,,464,,,,,
197,29 / 70,Rodrigo Lucas,,35-39 M,00:50:44,00:50:12,,565,,,,,
198,16 / 47,Federico Arguello,,18-24 M,00:53:01,00:50:12,,620,,,,,
199,30 / 70,Staghezza Pablo,,35-39 M,00:51:02,00:50:17,,1334,,,,,
200,7 / 38,Fonzo Andrea,,40-44 F,00:51:22,00:50:18,,277,,,,,
201,26 / 68,Oscar Gomez,,40-44 M,00:50:38,00:50:26,,140,,,,,
202,27 / 68,Serena Manuel Andres,,40-44 M,00:51:06,00:50:26,,489,,,,,
203,24 / 77,Ramirez Fernando,,30-34 M,00:51:47,00:50:26,,733,,,,,
204,9 / 26,Gerez Juan Bautista,,55-59 M,00:50:31,00:50:29,,484,,,,,
205,28 / 68,Abad Axel,,40-44 M,00:50:46,00:50:33,,206,,,,,
206,7 / 27,Henderson Gustavo,,50-54 M,00:50:38,00:50:34,,1343,,,,,
207,25 / 77,Romero Eduardo,,30-34 M,00:50:42,00:50:36,,1289,,,,,
208,20 / 53,Juan Carlos Benia Chiesa,,45-49 M,00:51:23,00:50:43,,70,,,,,
209,29 / 68,Fernando Marino,,40-44 M,00:51:10,00:50:45,,566,,,,,
210,3 / 35,Alvarez Laura,,30-34 F,00:51:09,00:50:46,,729,,,,,
211,26 / 77,Gabriel Kerbs,,30-34 M,00:52:36,00:50:49,,283,,,,,
212,10 / 26,Elvio Luis Rocchietti,,55-59 M,00:51:25,00:50:51,,80,,,,,
213,8 / 39,Gercovich Daniela,,35-39 F,00:51:09,00:50:52,,1109,,,,,
214,27 / 77,Andres Nomberto,,30-34 M,00:51:14,00:50:57,,433,,,,,
215,34 / 81,Andrieux Maxime,,25-29 M,00:51:56,00:51:04,,1315,,,,,
216,4 / 35,Alvarez Alejandra Ileana,,30-34 F,00:51:24,00:51:08,,1340,,,,,
217,9 / 39,Serrano Noelia,,35-39 F,00:51:30,00:51:11,,1139,,,,,
218,17 / 47,Carozzi Matias,,18-24 M,00:56:15,00:51:11,,1162,,,,,
219,31 / 70,López Sebastian,,35-39 M,00:51:34,00:51:12,,655,,,,,
220,35 / 81,Leon Ezequiel Savoy,,25-29 M,00:51:36,00:51:12,,167,,,,,
221,3 / 15,Vadone Jorge,,60-64 M,00:51:21,00:51:13,,1126,,,,,
222,28 / 77,Pablo Daniel Rivarola,,30-34 M,00:51:43,00:51:14,,35,,,,,
223,32 / 70,Sandez Hugo,,35-39 M,00:54:04,00:51:16,,1182,,,,,
224,5 / 35,Perez Aviza Judith,,30-34 F,00:52:23,00:51:28,,1166,,,,,
225,30 / 68,Calabrese Anibal Damian,,40-44 M,00:52:17,00:51:38,,1243,,,,,
226,- / 32,Unknown,,0-0 M,00:52:16,00:51:39,,1232,,,,,
227,33 / 70,Muiños Martin,,35-39 M,00:52:02,00:51:44,,1307,,,,,
228,36 / 81,Orsi Federico Antonio,,25-29 M,00:53:24,00:51:45,,22,,,,,
229,37 / 81,Pablo Sebastian Muiña,,25-29 M,00:51:48,00:51:46,,335,,,,,
230,6 / 8,Arturo De La Riestra,,1-17 M,00:52:02,00:51:46,,407,,,,,
231,10 / 39,Gismondi Ines,,35-39 F,00:52:04,00:51:46,,264,,,,,
232,29 / 77,Maino Juan Martin,,30-34 M,00:54:14,00:51:46,,494,,,,,
233,7 / 27,Vignoli Mercedes,,25-29 F,00:51:51,00:51:47,,1107,,,,,
234,30 / 77,Aguilar Francisco,,30-34 M,00:54:16,00:51:48,,496,,,,,
235,1 / 1,Rodrigo Soldan,,18-24,00:52:41,00:51:49,,0,,,,,
236,38 / 81,Amado Yamil Ezequiel,,25-29 M,00:52:14,00:51:50,,1253,,,,,
237,34 / 70,Caceres Moyano Juan Pablo,,35-39 M,00:53:22,00:51:50,,793,,,,,
238,31 / 77,Barros Lima Filho Paulo Davi,,30-34 M,00:53:23,00:51:50,,794,,,,,
239,31 / 68,Umbert Juan Jose,,40-44 M,00:53:32,00:51:53,,1322,,,,,
240,4 / 15,Piffer Eduardo,,60-64 M,00:52:14,00:51:57,,488,,,,,
241,- / 32,Unknown,,0-0 M,00:52:35,00:51:57,,1231,,,,,
242,- / 32,Unknown,,0-0 M,00:52:34,00:51:58,,102,,,,,
243,1 / 17,Della Costa Cynthia,,50-54 F,00:52:23,00:52:01,,545,,,,,
244,39 / 81,Valbruni Edgar,,25-29 M,00:56:47,00:52:01,,1155,,,,,
245,32 / 68,German Schmidt,,40-44 M,00:52:29,00:52:02,,289,,,,,
246,32 / 77,Lopez Victor Ariel,,30-34 M,00:53:30,00:52:11,,754,,,,,
247,21 / 53,Becquart Emmanuel,,45-49 M,00:52:31,00:52:12,,759,,,,,
248,40 / 81,Matias Isella,,25-29 M,00:52:34,00:52:13,,439,,,,,
249,22 / 53,Pablo Rios,,45-49 M,00:52:18,00:52:14,,635,,,,,
250,33 / 77,De Leon Sebastian,,30-34 M,00:53:27,00:52:15,,218,,,,,
251,34 / 77,Alejandro Padula,,30-34 M,00:52:36,00:52:16,,581,,,,,
252,35 / 77,Guillermo Ferrero,,30-34 M,00:52:30,00:52:17,,146,,,,,
253,11 / 39,Castaño Villalba Jazmin,,35-39 F,00:52:34,00:52:18,,219,,,,,
254,8 / 27,Piterman Gustavo Andrés,,50-54 M,00:52:29,00:52:20,,1266,,,,,
255,1 / 7,Leguizamon Hugo Osvaldo,,70-74 M,00:52:42,00:52:21,,1204,,,,,
256,2 / 17,Rodil Claudia,,50-54 F,00:52:28,00:52:26,,1193,,,,,
257,35 / 70,Tosi Marcelo,,35-39 M,00:52:34,00:52:28,,846,,,,,
258,41 / 81,Agustin Lyonnet,,25-29 M,00:53:17,00:52:29,,110,,,,,
259,42 / 81,Urbina Pablo Ezequiel,,25-29 M,00:52:30,00:52:30,,185,,,,,
260,12 / 39,Perassi Maria Luisa,,35-39 F,00:52:54,00:52:35,,783,,,,,
261,36 / 70,Pian Jorge,,35-39 M,00:53:41,00:52:38,,500,,,,,
262,9 / 27,Dick Javier,,50-54 M,00:52:58,00:52:39,,197,,,,,
263,18 / 47,Matias Alejandro Bertoli,,18-24 M,00:52:55,00:52:40,,461,,,,,
264,5 / 15,Ciocoletto Rodolfo Manuel,,60-64 M,00:52:56,00:52:40,,1254,,,,,
265,19 / 47,Amado Edison,,18-24 M,00:52:51,00:52:42,,1210,,,,,
266,33 / 68,Gonzalez Juan Carlos,,40-44 M,00:53:55,00:52:42,,1301,,,,,
267,37 / 70,Mas Gabriel,,35-39 M,00:53:14,00:52:43,,732,,,,,
268,36 / 77,Merlonghi Federico,,30-34 M,00:53:08,00:52:46,,180,,,,,
269,34 / 68,Alvarez Rodrigo,,40-44 M,00:52:53,00:52:48,,815,,,,,
270,20 / 47,Bruno Gennari,,18-24 M,00:53:45,00:52:53,,882,,,,,
271,37 / 77,Rodriguez Marcelo,,30-34 M,00:53:45,00:52:54,,1316,,,,,
272,38 / 77,Maceiras Mariano,,30-34 M,00:54:35,00:52:56,,20,,,,,
273,6 / 15,Daniel Rossi,,60-64 M,00:53:02,00:52:57,,398,,,,,
274,13 / 39,Griselda Basabilvaso,,35-39 F,00:53:10,00:52:57,,69,,,,,
275,6 / 35,Gregorchuk Daniela,,30-34 F,00:54:54,00:52:57,,1262,,,,,
276,23 / 53,Miguel Angel Aguada,,45-49 M,00:53:49,00:52:58,,339,,,,,
277,10 / 27,Horacio Colavino,,50-54 M,00:54:53,00:52:58,,88,,,,,
278,1 / 5,Gascon Maria Jose,,55-59 F,00:53:34,00:53:00,,664,,,,,
279,39 / 77,Piscitelli Martin,,30-34 M,00:54:08,00:53:00,,1302,,,,,
280,35 / 68,Gordillo Omar Fabian,,40-44 M,00:53:03,00:53:01,,1113,,,,,
281,21 / 47,Puccio Guido,,18-24 M,00:54:38,00:53:02,,214,,,,,
282,22 / 47,Ignacio Martinez,,18-24 M,00:54:18,00:53:07,,449,,,,,
283,43 / 81,Colombres Ernesto Rodrigo,,25-29 M,00:53:54,00:53:11,,805,,,,,
284,24 / 53,Gerardo Perco,,45-49 M,00:53:35,00:53:13,,429,,,,,
285,- / 32,Unknown,,0-0 M,00:54:08,00:53:13,,1229,,,,,
286,8 / 27,John Andrea,,25-29 F,00:53:32,00:53:14,,717,,,,,
287,25 / 53,Krasnov Fernando Javier,,45-49 M,00:53:30,00:53:15,,843,,,,,
288,40 / 77,Marengo Juan José,,30-34 M,00:55:15,00:53:21,,1127,,,,,
289,38 / 70,Adrian Marcelo Pose,,35-39 M,00:54:38,00:53:22,,112,,,,,
290,11 / 27,Broso Atilio,,50-54 M,00:53:32,00:53:23,,788,,,,,
291,39 / 70,Elizagaray Antonio,,35-39 M,00:55:18,00:53:23,,1129,,,,,
292,36 / 68,Repollo Christian,,40-44 M,00:53:56,00:53:24,,480,,,,,
293,1 / 10,Valentini Hector Ricardo,,65-69 M,00:53:50,00:53:27,,231,,,,,
294,40 / 70,Maddalena Pablo,,35-39 M,00:54:35,00:53:30,,1211,,,,,
295,7 / 35,Eugenia Martin,,30-34 F,00:54:15,00:53:39,,441,,,,,
296,44 / 81,Reyes Jorge,,25-29 M,00:54:19,00:53:41,,727,,,,,
297,7 / 8,Pinto Nicolas,,1-17 M,00:54:05,00:53:42,,491,,,,,
298,14 / 39,PATRICIA BORGES,,35-39 F,00:54:11,00:53:46,,877,,,,,
299,3 / 17,Marisa Muzzopappa,,50-54 F,00:53:50,00:53:50,,334,,,,,
300,- / 32,Martin Nicolas Sabelli,,0-0 M,00:54:44,00:53:51,,176,,,,,
301,- / 32,Joon Ho Han,,0-0 M,00:54:16,00:53:53,,113,,,,,
302,45 / 81,Sergio Bassi,,25-29 M,00:54:42,00:53:53,,828,,,,,
303,15 / 39,Rutschi Alejandra,,35-39 F,00:55:10,00:53:55,,531,,,,,
304,8 / 35,Falaq Geraldine,,30-34 F,00:53:57,00:53:56,,201,,,,,
305,41 / 77,Javier Gomez Solis,,30-34 M,00:54:15,00:53:58,,430,,,,,
306,41 / 70,Perez Ricaud Carlos Federico,,35-39 M,00:54:43,00:53:58,,742,,,,,
307,9 / 35,Paula Lima,,30-34 F,00:54:15,00:53:59,,384,,,,,
308,26 / 53,Edgardo Lyonnet,,45-49 M,00:54:46,00:53:59,,111,,,,,
309,42 / 77,Emiliano Gaston Culetto,,30-34 M,01:04:48,00:54:02,,388,,,,,
310,27 / 53,Patricio Neffa,,45-49 M,00:54:40,00:54:03,,78,,,,,
311,9 / 27,Maria Del Mar Rodriguez Quero,,25-29 F,00:54:19,00:54:04,,475,,,,,
312,28 / 53,Andriotti Fabian,,45-49 M,00:54:13,00:54:05,,721,,,,,
313,10 / 35,Santucci Lorena,,30-34 F,00:55:22,00:54:06,,528,,,,,
314,46 / 81,Blanc Pablo,,25-29 M,00:55:07,00:54:09,,510,,,,,
315,47 / 81,Gonzalo Lopez,,25-29 M,00:55:42,00:54:09,,82,,,,,
316,29 / 53,Savarese Guillermo Alejandro,,45-49 M,00:54:21,00:54:11,,1267,,,,,
317,48 / 81,Ramírez Paripancca Willy Alejandro,,25-29 M,00:54:24,00:54:14,,213,,,,,
318,42 / 70,Oizzolino Pablo,,35-39 M,01:01:03,00:54:15,,37,,,,,
319,30 / 53,Levinas Jose Gabriel,,45-49 M,00:54:18,00:54:17,,1103,,,,,
320,43 / 70,Squilachi Adrian,,35-39 M,00:54:51,00:54:17,,541,,,,,
321,37 / 68,Affronti Federico,,40-44 M,00:54:52,00:54:19,,216,,,,,
322,44 / 70,Molina Carlos,,35-39 M,00:56:15,00:54:21,,1128,,,,,
323,31 / 53,Ostuni Leandro,,45-49 M,00:55:17,00:54:23,,1336,,,,,
324,23 / 47,Mariano Pinto,,18-24 M,00:54:48,00:54:24,,589,,,,,
325,38 / 68,Heler Martin,,40-44 M,00:54:31,00:54:28,,1111,,,,,
326,24 / 47,Braian Mendoza Simões,,18-24 M,00:54:34,00:54:28,,243,,,,,
327,25 / 47,Novello Marcos Nehuen,,18-24 M,00:54:37,00:54:28,,762,,,,,
328,43 / 77,Peidon Nestor Gaston,,30-34 M,00:54:33,00:54:30,,250,,,,,
329,44 / 77,Naya Garat Lucio Nicolas,,30-34 M,00:55:03,00:54:30,,1190,,,,,
330,1 / 9,Sol Hers Vega,,18-24 F,00:54:32,00:54:31,,831,,,,,
331,26 / 47,Alvaro Milari,,18-24 M,00:56:11,00:54:31,,370,,,,,
332,49 / 81,Federico Gallardo,,25-29 M,00:56:18,00:54:31,,295,,,,,
333,10 / 27,Aguilar Gabriela,,25-29 F,00:54:40,00:54:34,,668,,,,,
334,32 / 53,Barbera Antonio Roberto,,45-49 M,00:55:25,00:54:34,,1332,,,,,
335,45 / 77,Mardones Patricio,,30-34 M,00:54:54,00:54:42,,487,,,,,
336,3 / 20,Mociulsky Juliana,,45-49 F,00:54:53,00:54:44,,270,,,,,
337,7 / 15,Diaz Roberto Luis,,60-64 M,00:55:31,00:54:48,,275,,,,,
338,50 / 81,Arturo German Hernandez Saez,,25-29 M,01:02:09,00:54:48,,98,,,,,
339,27 / 47,Martinez Juan Agustin,,18-24 M,00:55:47,00:54:52,,254,,,,,
340,46 / 77,Blanco Cristian Ariel,,30-34 M,00:55:19,00:54:53,,1130,,,,,
341,11 / 26,Fernando Villarruel,,55-59 M,00:55:15,00:54:54,,434,,,,,
342,45 / 70,Boccafurno Gustavo,,35-39 M,00:55:37,00:54:54,,698,,,,,
343,47 / 77,Garcia Molinari Lucas,,30-34 M,00:55:38,00:54:54,,813,,,,,
344,39 / 68,Priegue Javier,,40-44 M,00:56:14,00:54:55,,1244,,,,,
345,46 / 70,García Hernán,,35-39 M,00:55:30,00:54:57,,208,,,,,
346,48 / 77,Herrmann Raul,,30-34 M,00:56:44,00:54:59,,1197,,,,,
347,16 / 39,Ordoñez Patricia Maria,,35-39 F,00:55:20,00:55:03,,1312,,,,,
348,51 / 81,Gabriel Burniego,,25-29 M,00:56:50,00:55:07,,560,,,,,
349,11 / 27,Paula Leticia Montero,,25-29 F,00:55:29,00:55:12,,440,,,,,
350,40 / 68,Victorel Osvaldo,,40-44 M,00:56:29,00:55:19,,787,,,,,
351,47 / 70,Anibal Masi,,35-39 M,00:56:38,00:55:22,,1303,,,,,
352,12 / 27,Fernandez Mariana Soledad,,25-29 F,00:55:41,00:55:25,,225,,,,,
353,8 / 38,Gabriela Prestofelipo,,40-44 F,00:56:00,00:55:25,,30,,,,,
354,12 / 26,Betri Juan Ernesto,,55-59 M,00:55:41,00:55:26,,226,,,,,
355,33 / 53,Gando Sebastián,,45-49 M,00:55:45,00:55:28,,1269,,,,,
356,52 / 81,Acosta Gonzalo Daniel,,25-29 M,00:56:25,00:55:29,,19,,,,,
357,13 / 26,MARCOS ORTEGA,,55-59 M,00:56:40,00:55:29,,844,,,,,
358,11 / 35,Laura Chiribao Taurelli,,30-34 F,00:56:45,00:55:32,,550,,,,,
359,34 / 53,Muñoz Norberto Hector,,45-49 M,00:56:09,00:55:37,,539,,,,,
360,49 / 77,Federico Martinez Fraga,,30-34 M,00:56:02,00:55:41,,424,,,,,
361,- / 32,Unknown,,0-0 M,01:02:38,00:55:42,,1241,,,,,
362,53 / 81,Hernan Pagliettini,,25-29 M,00:57:28,00:55:46,,587,,,,,
363,48 / 70,Vera Hector Ricardo,,35-39 M,00:57:28,00:55:47,,200,,,,,
364,35 / 53,Guevara Ariel,,45-49 M,00:56:15,00:55:48,,202,,,,,
365,9 / 38,Masella Carolina,,40-44 F,00:57:18,00:55:48,,673,,,,,
366,10 / 38,Agustini Gabriela,,40-44 F,00:55:54,00:55:50,,1344,,,,,
367,14 / 26,Jorge Luis Castells,,55-59 M,00:56:07,00:55:54,,148,,,,,
368,2 / 9,Schleifer Jackeline,,18-24 F,00:56:07,00:55:55,,505,,,,,
369,50 / 77,Cardozo Maidana Maximiliano,,30-34 M,00:56:07,00:55:55,,506,,,,,
370,51 / 77,Leonardo Ramos,,30-34 M,00:57:32,00:55:55,,366,,,,,
371,52 / 77,Diego Cabello,,30-34 M,00:57:33,00:55:59,,73,,,,,
372,4 / 20,Casse Diana,,45-49 F,00:56:32,00:56:03,,700,,,,,
373,28 / 47,Foglia Emanuel,,18-24 M,00:56:11,00:56:05,,242,,,,,
374,17 / 39,Cabrera Victoria,,35-39 F,00:56:13,00:56:06,,723,,,,,
375,36 / 53,Remondegui Daniel,,45-49 M,00:56:47,00:56:06,,504,,,,,
376,41 / 68,Jones Jorge Gustavo,,40-44 M,00:56:25,00:56:07,,716,,,,,
377,42 / 68,Juan Carlos Limachi,,40-44 M,00:57:33,00:56:09,,403,,,,,
378,8 / 15,Sicardi Roberto .R.,,60-64 M,00:57:40,00:56:12,,1174,,,,,
379,54 / 81,Reyes Ruben,,25-29 M,00:56:53,00:56:15,,730,,,,,
380,2 / 10,Jorge Ledesma,,65-69 M,00:56:59,00:56:17,,396,,,,,
381,53 / 77,Sergio H Sommaro,,30-34 M,00:57:56,00:56:19,,139,,,,,
382,49 / 70,Santiago Facundo Nieto,,35-39 M,00:58:01,00:56:24,,165,,,,,
383,29 / 47,Ganzalez Jonathan,,18-24 M,00:56:59,00:56:26,,47,,,,,
384,3 / 10,Palazzo Edgardo,,65-69 M,00:56:34,00:56:27,,198,,,,,
385,30 / 47,Facundo Oliva,,18-24 M,00:58:10,00:56:29,,129,,,,,
386,12 / 35,Rodriguez Castro Mariela,,30-34 F,00:56:42,00:56:35,,1317,,,,,
387,50 / 70,Lastiri Mariano,,35-39 M,00:58:17,00:56:37,,1105,,,,,
388,51 / 70,Denoni Alejandro Carlos,,35-39 M,00:58:15,00:56:39,,1348,,,,,
389,54 / 77,Curi Francisco,,30-34 M,00:57:11,00:56:41,,871,,,,,
390,1 /,AMILCAR MANUEL SALAS OROÑO,,40-44 M,00:56:48,00:56:42,,874,,,,,
391,52 / 70,Manfred Hinsch,,35-39 M,00:56:51,00:56:42,,160,,,,,
392,55 / 81,Alfonso Facundo,,25-29 M,00:57:11,00:56:42,,870,,,,,
393,12 / 27,Avila Luis,,50-54 M,00:58:35,00:56:47,,648,,,,,
394,15 / 26,Turun Barrere Oscar,,55-59 M,00:57:24,00:56:51,,492,,,,,
395,31 / 47,Genta Facundo Martin,,18-24 M,00:58:17,00:56:51,,1349,,,,,
396,32 / 47,Lucas Calderoni,,18-24 M,00:57:58,00:56:53,,86,,,,,
397,13 / 27,Ernesto Fabian Carini,,50-54 M,00:57:59,00:56:54,,85,,,,,
398,43 / 68,Gerding Hernan Eduardo,,40-44 M,00:57:08,00:56:56,,483,,,,,
399,11 / 38,Garibotti Gabriela,,40-44 F,00:57:34,00:57:00,,512,,,,,
400,55 / 77,Fosque Enzo,,30-34 M,00:57:11,00:57:04,,1294,,,,,
401,33 / 47,Agustin Esteban Cisternas,,18-24 M,00:58:48,00:57:07,,133,,,,,
402,12 / 38,Paola Silva,,40-44 F,00:58:44,00:57:08,,224,,,,,
403,- / 32,Dante Ruben Pattini,,0-0 M,00:58:16,00:57:10,,824,,,,,
404,5 / 20,Maria Ines Pachane,,45-49 F,00:58:56,00:57:15,,580,,,,,
405,18 / 39,Villar Mariela,,35-39 F,00:57:31,00:57:16,,530,,,,,
406,53 / 70,Juan Paulo Carovano,,35-39 M,00:58:58,00:57:19,,406,,,,,
407,13 / 27,Marcela Bustamante,,25-29 F,00:58:58,00:57:20,,442,,,,,
408,- / 32,Unknown,,0-0 M,01:00:08,00:57:21,,880,,,,,
409,13 / 35,Cáceres Villagra Romina Paola,,30-34 F,00:57:26,00:57:22,,868,,,,,
410,13 / 38,Romina Elizabeth Rivadeneira,,40-44 F,00:57:36,00:57:23,,101,,,,,
411,56 / 77,Daniel Cajal,,30-34 M,00:57:37,00:57:24,,149,,,,,
412,14 / 27,Javier Fernandez,,50-54 M,00:58:03,00:57:25,,881,,,,,
413,19 / 39,Analia Rodriguez,,35-39 F,00:59:05,00:57:25,,582,,,,,
414,6 / 20,Brandan Esther Alejandra,,45-49 F,00:58:09,00:57:26,,257,,,,,
415,14 / 35,Carreras Fernandez Alejandra Beatriz,,30-34 F,00:57:46,00:57:27,,784,,,,,
416,54 / 70,Zarroca Guillermo,,35-39 M,00:58:29,00:57:27,,741,,,,,
417,14 / 38,Omodeo Silvia Mabel,,40-44 F,00:58:18,00:57:28,,36,,,,,
418,15 / 27,Araya Alejandro,,50-54 M,00:57:47,00:57:29,,1299,,,,,
419,44 / 68,Puig Jose Luis,,40-44 M,00:58:33,00:57:30,,276,,,,,
420,45 / 68,Banga Hernan,,40-44 M,00:58:42,00:57:31,,801,,,,,
421,20 / 39,Uzal Maria,,35-39 F,00:57:49,00:57:32,,1144,,,,,
422,55 / 70,Pablo Sottana,,35-39 M,00:58:05,00:57:39,,617,,,,,
423,34 / 47,Ortega Muñoz Daniel Alejandro,,18-24 M,00:58:26,00:57:41,,1159,,,,,
424,46 / 68,Davini Luis Ariel,,40-44 M,00:58:14,00:57:51,,238,,,,,
425,16 / 27,Ferando Tornato,,50-54 M,00:58:38,00:57:52,,413,,,,,
426,3 / 9,Stori Julia,,18-24 F,00:58:01,00:57:56,,652,,,,,
427,- / 32,Unknown,,0-0 M,00:58:08,00:57:58,,1430,,,,,
428,56 / 81,Guido Seni,,25-29 M,00:59:13,00:58:00,,141,,,,,
429,- / 32,Unknown,,0-0 M,00:59:48,00:58:02,,1239,,,,,
430,21 / 39,Gomez Gimena Lorena,,35-39 F,00:58:28,00:58:03,,501,,,,,
431,37 / 53,De Leon Walter,,45-49 M,00:58:37,00:58:08,,1122,,,,,
432,4 / 17,Van Der Pluijm Johanna Wilhelmina,,50-54 F,00:58:52,00:58:11,,222,,,,,
433,57 / 77,Bilbao Leandro,,30-34 M,00:59:33,00:58:11,,736,,,,,
434,15 / 38,Abazo Stella Maris,,40-44 F,00:59:26,00:58:12,,258,,,,,
435,35 / 47,Abervaya Ivan,,18-24 M,00:59:34,00:58:12,,677,,,,,
436,38 / 53,Medina Humberto,,45-49 M,00:59:34,00:58:12,,687,,,,,
437,47 / 68,Rosales Gabriel,,40-44 M,00:59:26,00:58:13,,259,,,,,
438,- / 32,Unknown,,0-0 M,00:58:30,00:58:20,,1227,,,,,
439,5 / 17,O'farrell Adriana,,50-54 F,00:58:39,00:58:22,,190,,,,,
440,56 / 70,Montes Lautaro Nicolas,,35-39 M,00:58:41,00:58:26,,777,,,,,
441,7 / 20,Silvina Bonin,,45-49 F,00:58:44,00:58:26,,55,,,,,
442,57 / 81,Madrid Pedro Gregorio,,25-29 M,00:59:04,00:58:32,,791,,,,,
443,58 / 81,Matias Valenzuela,,25-29 M,01:00:40,00:58:32,,826,,,,,
444,48 / 68,Lucas Medina,,40-44 M,01:00:26,00:58:33,,401,,,,,
445,16 / 38,Fornasari Lorena,,40-44 F,00:58:52,00:58:37,,514,,,,,
446,49 / 68,Caballero Fabian,,40-44 M,00:58:52,00:58:40,,811,,,,,
447,16 / 26,Mycroft Liam,,55-59 M,00:59:27,00:58:40,,525,,,,,
448,58 / 77,Manrique Adrian,,30-34 M,00:59:30,00:58:40,,696,,,,,
449,59 / 81,Perez Dario,,25-29 M,00:59:46,00:58:44,,650,,,,,
450,22 / 39,Dafne Jourdan,,35-39 F,00:59:08,00:58:45,,402,,,,,
451,17 / 38,Kleiner Marina Gisela,,40-44 F,00:59:23,00:58:49,,499,,,,,
452,57 / 70,Casanovas Nicolas,,35-39 M,00:59:15,00:58:52,,247,,,,,
453,59 / 77,Cuello Gonzalo,,30-34 M,00:59:47,00:58:58,,839,,,,,
454,58 / 70,Gonzalez Cesar Sebastian,,35-39 M,00:59:47,00:58:59,,840,,,,,
455,50 / 68,Mas Hernan,,40-44 M,00:59:33,00:59:01,,740,,,,,
456,8 / 8,Gouello Yann,,1-17 M,01:00:27,00:59:02,,1285,,,,,
457,60 / 77,Luciano Gaston Cordoba,,30-34 M,01:00:55,00:59:02,,409,,,,,
458,23 / 39,Fatima Analia Vizgarra,,35-39 F,00:59:13,00:59:09,,569,,,,,
459,18 / 38,Monzon Kroeger Ana,,40-44 F,01:00:00,00:59:09,,1125,,,,,
460,51 / 68,Rovan Luis,,40-44 M,01:00:13,00:59:10,,265,,,,,
461,4 / 10,Jorge Jose Rudzikas,,65-69 M,00:59:57,00:59:11,,405,,,,,
462,6 / 17,De Maussion Virginia,,50-54 F,00:59:32,00:59:12,,724,,,,,
463,- / 32,Unknown,,0-0 M,01:01:16,00:59:15,,1221,,,,,
464,1 / 2,Clara Vizgarra,,70-74 F,00:59:24,00:59:20,,395,,,,,
465,59 / 70,Nicolas Eduardo Cassano,,35-39 M,01:00:38,00:59:20,,319,,,,,
466,15 / 35,Yanina Roldan,,30-34 F,01:00:43,00:59:20,,636,,,,,
467,9 / 15,Anibal Jauregui,,60-64 M,01:00:44,00:59:24,,103,,,,,
468,17 / 27,Rodriguez Raul Enrique,,50-54 M,01:01:20,00:59:28,,181,,,,,
469,60 / 70,Cesar Galvan,,35-39 M,01:01:17,00:59:30,,281,,,,,
470,61 / 77,Garabali Rodrigo,,30-34 M,01:01:19,00:59:30,,1288,,,,,
471,18 / 27,Hugo Cesar Iriarte,,50-54 M,01:01:14,00:59:31,,821,,,,,
472,39 / 53,Bovi Gabriel,,45-49 M,01:01:18,00:59:32,,195,,,,,
473,- / 32,Fabio Hugo Pascali,,0-0 M,01:00:38,00:59:37,,359,,,,,
474,36 / 47,Piscitelli Guido,,18-24 M,01:00:46,00:59:38,,1150,,,,,
475,24 / 39,Romero Nadia,,35-39 F,00:59:56,00:59:40,,232,,,,,
476,4 / 9,Sterman Florencia,,18-24 F,01:00:06,00:59:40,,701,,,,,
477,10 / 15,Juan C Martinez,,60-64 M,01:00:10,00:59:40,,474,,,,,
478,2 / 7,Carlos Moran,,70-74 M,01:01:27,00:59:40,,592,,,,,
479,40 / 53,Gatto Marcelo,,45-49 M,01:02:19,00:59:40,,1257,,,,,
480,- / 32,Unknown,,0-0 M,01:01:29,00:59:43,,20003,,,,,
481,19 / 27,Argañaraz Artemio Francisco,,50-54 M,01:00:04,00:59:47,,1203,,,,,
482,19 / 38,Amione Natalia,,40-44 F,00:59:59,00:59:51,,1296,,,,,
483,52 / 68,Casafu Nestor,,40-44 M,00:59:59,00:59:51,,1295,,,,,
484,- / 32,Julian Lamas,,0-0 M,01:01:12,00:59:52,,71,,,,,
485,25 / 39,Gonzalez Maria Jose,,35-39 F,01:01:17,00:59:53,,699,,,,,
486,7 / 17,Galván Liliana,,50-54 F,01:01:15,00:59:57,,798,,,,,
487,26 / 39,Juarez Jesica,,35-39 F,01:00:21,01:00:01,,220,,,,,
488,53 / 68,Bello Salvador,,40-44 M,01:00:24,01:00:03,,715,,,,,
489,- / 32,Unknown,,0-0 M,01:01:30,01:00:03,,1219,,,,,
490,60 / 81,Federico Rosenberg,,25-29 M,01:07:25,01:00:05,,97,,,,,
491,17 / 26,Di Bernardo Jose,,55-59 M,01:00:29,01:00:10,,748,,,,,
492,61 / 81,Lopez Mancuso Santiago,,25-29 M,01:01:46,01:00:11,,1259,,,,,
493,54 / 68,Risso Hector Martin,,40-44 M,01:01:14,01:00:13,,817,,,,,
494,8 / 20,Nuñez Fabiana,,45-49 F,01:01:24,01:00:13,,236,,,,,
495,5 / 10,De Battista Carlos,,65-69 M,01:01:01,01:00:14,,1260,,,,,
496,41 / 53,Taboada Bruno,,45-49 M,01:00:43,01:00:19,,557,,,,,
497,2 / 2,Merr Hilda,,70-74 F,01:01:38,01:00:19,,797,,,,,
498,20 / 38,Mariela Perez,,40-44 F,01:01:17,01:00:20,,338,,,,,
499,- / 32,Unknown,,0-0 M,01:01:08,01:00:21,,851,,,,,
500,62 / 81,Leonardo Martin Lindermann,,25-29 M,01:01:10,01:00:23,,852,,,,,
501,14 / 27,Veronica Steinmann,,25-29 F,01:01:04,01:00:25,,76,,,,,
502,27 / 39,Maria Soledad Miranda,,35-39 F,01:02:20,01:00:28,,313,,,,,
503,21 / 38,Tamburrino Isadora,,40-44 F,01:02:54,01:00:28,,1164,,,,,
504,55 / 68,Navarro Pablo,,40-44 M,01:01:11,01:00:33,,1179,,,,,
505,20 / 27,Olivieri Alejandro,,50-54 M,01:01:12,01:00:34,,1178,,,,,
506,37 / 47,Como Juan Pablo,,18-24 M,01:02:32,01:00:42,,1286,,,,,
507,42 / 53,Mariano Marcos,,45-49 M,01:01:14,01:00:49,,11,,,,,
508,63 / 81,Lucas Correa,,25-29 M,01:02:34,01:00:53,,131,,,,,
509,61 / 70,Sopracase Marcelo,,35-39 M,01:01:04,01:00:55,,45,,,,,
510,28 / 39,Rico Karina,,35-39 F,01:02:27,01:00:55,,704,,,,,
511,15 / 27,Anabella Cabrera,,25-29 F,01:01:10,01:00:58,,28,,,,,
512,43 / 53,Vergara Gabriel,,45-49 M,01:01:45,01:00:59,,527,,,,,
513,64 / 81,Alvarez Gaston,,25-29 M,01:01:38,01:01:02,,507,,,,,
514,62 / 70,Carrasco Nestor Ruben,,35-39 M,01:02:04,01:01:11,,43,,,,,
515,22 / 38,Gomez Barbero Laura Natalia,,40-44 F,01:03:05,01:01:11,,816,,,,,
516,56 / 68,Magnaterra Vicente Luis,,40-44 M,01:03:05,01:01:11,,812,,,,,
517,38 / 47,Vainstein Ivo,,18-24 M,01:02:34,01:01:12,,775,,,,,
518,23 / 38,Gronda Pamela,,40-44 F,01:06:47,01:01:14,,1160,,,,,
519,57 / 68,Gustavo Jezierski,,40-44 M,01:01:46,01:01:16,,629,,,,,
520,58 / 68,Basile Gaston,,40-44 M,01:01:42,01:01:19,,693,,,,,
521,29 / 39,Valentini Mariela Romina,,35-39 F,01:01:42,01:01:20,,230,,,,,
522,24 / 38,Quiñonez Lopez Celia,,40-44 F,01:01:33,01:01:21,,752,,,,,
523,62 / 77,Lotto Francisco,,30-34 M,01:03:07,01:01:22,,1198,,,,,
524,21 / 27,Tundis Eduardo,,50-54 M,01:02:40,01:01:23,,749,,,,,
525,65 / 81,Pablo Guzman,,25-29 M,01:02:30,01:01:26,,89,,,,,
526,22 / 27,Roberto Alcaraz,,50-54 M,01:01:54,01:01:34,,58,,,,,
527,23 / 27,Samperi Alfredo Ricardo,,50-54 M,01:02:55,01:01:40,,691,,,,,
528,30 / 39,Davidovich Ariane,,35-39 F,01:02:13,01:01:48,,705,,,,,
529,59 / 68,Cristian Collado,,40-44 M,01:03:05,01:02:01,,90,,,,,
530,44 / 53,Eduardo Rocha,,45-49 M,01:02:29,01:02:11,,421,,,,,
531,9 / 20,Posse Florencia,,45-49 F,01:03:41,01:02:15,,756,,,,,
532,63 / 77,Ignacio Dorna,,30-34 M,01:02:23,01:02:23,,435,,,,,
533,64 / 77,Sciorra Sebastian,,30-34 M,01:03:58,01:02:29,,670,,,,,
534,18 / 26,Castelletti Alberto,,55-59 M,01:04:12,01:02:29,,1283,,,,,
535,63 / 70,Carusoni Cristian,,35-39 M,01:03:23,01:02:39,,1326,,,,,
536,64 / 70,Pablo Colangelo,,35-39 M,01:04:38,01:02:45,,27,,,,,
537,10 / 20,Marcela Llamedo,,45-49 F,01:04:38,01:02:47,,563,,,,,
538,2 / 5,Marcela Gomez,,55-59 F,01:04:38,01:02:47,,562,,,,,
539,19 / 26,Andres Barrero,,55-59 M,01:04:38,01:02:47,,378,,,,,
540,45 / 53,Reus Fernando Adrian,,45-49 M,01:03:59,01:02:48,,1202,,,,,
541,65 / 70,Lopez Sebastian,,35-39 M,01:04:20,01:02:48,,702,,,,,
542,11 / 20,Rodriguez Nancy Fabiana,,45-49 F,01:04:22,01:02:51,,653,,,,,
543,16 / 35,Mariana Bruno,,30-34 F,01:04:35,01:02:53,,559,,,,,
544,8 / 17,Orquin Mariela,,50-54 F,01:05:09,01:02:53,,792,,,,,
545,25 / 38,Beatriz Dillon,,40-44 F,01:03:09,01:02:55,,170,,,,,
546,11 / 15,Polanco Jorge Adrian,,60-64 M,01:03:56,01:02:56,,183,,,,,
547,60 / 68,Marcos Arrue,,40-44 M,01:04:37,01:02:58,,377,,,,,
548,65 / 77,Galeano Fernandez Diego,,30-34 M,01:03:16,01:03:00,,256,,,,,
549,17 / 35,Schwemer Johanna Beatriz,,30-34 F,01:04:13,01:03:01,,750,,,,,
550,66 / 77,Chiaradia Fernando,,30-34 M,01:04:14,01:03:01,,681,,,,,
551,66 / 70,Demicheli Nicolas,,35-39 M,01:03:35,01:03:05,,1272,,,,,
552,26 / 38,Analia Cecchini,,40-44 F,01:04:35,01:03:07,,561,,,,,
553,24 / 27,Gallardo Claudio,,50-54 M,01:03:42,01:03:11,,186,,,,,
554,9 / 17,Claudia De Giorgi,,50-54 F,01:04:12,01:03:12,,361,,,,,
555,46 / 53,Maida Javier Rosario,,45-49 M,01:04:00,01:03:14,,1347,,,,,
556,31 / 39,Analia Messina,,35-39 F,01:04:01,01:03:18,,95,,,,,
557,12 / 20,Valfredi Sandra,,45-49 F,01:03:49,01:03:19,,479,,,,,
558,25 / 27,Gomez Cesar,,50-54 M,01:05:10,01:03:20,,862,,,,,
559,16 / 27,Flecha Rossana,,25-29 F,01:03:58,01:03:21,,526,,,,,
560,27 / 38,Raschiotto Analia Cecilia,,40-44 F,01:03:58,01:03:28,,271,,,,,
561,67 / 70,Giner Gonzalez Juan Manuel,,35-39 M,01:03:45,01:03:29,,743,,,,,
562,68 / 70,Jonathan Cavazzoni,,35-39 M,01:04:50,01:03:30,,400,,,,,
563,18 / 35,Perrone Valeria Soledad,,30-34 F,01:04:51,01:03:30,,735,,,,,
564,47 / 53,Galarce Alejandro,,45-49 M,01:03:53,01:03:32,,714,,,,,
565,66 / 81,Andres Julian Lusi,,25-29 M,01:05:14,01:03:36,,428,,,,,
566,26 / 27,Melgar Rivero Miguel,,50-54 M,01:04:28,01:03:41,,859,,,,,
567,39 / 47,Ivan Guillermo Herrera Acebedo,,18-24 M,01:05:11,01:03:46,,379,,,,,
568,67 / 81,Schnatz Ivan,,25-29 M,01:05:00,01:03:47,,808,,,,,
569,19 / 35,Schnatz Ingrid,,30-34 F,01:05:01,01:03:47,,809,,,,,
570,67 / 77,Leandro Fontan,,30-34 M,01:05:01,01:03:49,,381,,,,,
571,32 / 39,Silvana Hernandez,,35-39 F,01:07:12,01:03:54,,292,,,,,
572,68 / 81,Alejandro Lewin,,25-29 M,01:04:01,01:03:56,,156,,,,,
573,61 / 68,Gonzalo Riquelme,,40-44 M,01:03:58,01:03:58,,153,,,,,
574,69 / 81,Javier Marcelo Mas,,25-29 M,01:04:19,01:04:02,,410,,,,,
575,28 / 38,Cecilia Czibener,,40-44 F,01:04:35,01:04:04,,644,,,,,
576,- / 32,Unknown,,0-0 M,01:04:55,01:04:05,,1236,,,,,
577,13 / 20,Baena Andrea,,45-49 F,01:05:01,01:04:05,,737,,,,,
578,29 / 38,Paolone Myriam,,40-44 F,01:06:00,01:04:07,,516,,,,,
579,30 / 38,Portaluppi Maria Veronica,,40-44 F,01:05:52,01:04:21,,672,,,,,
580,14 / 20,Stella Palacio,,45-49 F,01:05:41,01:04:22,,633,,,,,
581,15 / 20,Diaz Susana,,45-49 F,01:04:53,01:04:28,,731,,,,,
582,70 / 81,Caputo Blasón Martín Gastón,,25-29 M,01:05:15,01:04:37,,1324,,,,,
583,40 / 47,Nehuen Nazareno Cipolla,,18-24 M,01:04:39,01:04:39,,331,,,,,
584,71 / 81,Biglieri Cesar,,25-29 M,01:05:50,01:04:40,,796,,,,,
585,12 / 15,Goya Roberto,,60-64 M,01:06:10,01:04:43,,493,,,,,
586,5 / 9,Grosso Anabela,,18-24 F,01:06:17,01:04:50,,790,,,,,
587,72 / 81,Alt Matias,,25-29 M,01:06:17,01:04:50,,789,,,,,
588,6 / 9,Carla Natasha Cordoba,,18-24 F,01:06:36,01:04:54,,132,,,,,
589,20 / 35,Marian Nancy Kanashiro,,30-34 F,01:06:47,01:04:58,,280,,,,,
590,73 / 81,Cano Jonatan Israel,,25-29 M,01:07:48,01:04:59,,1176,,,,,
591,74 / 81,Martin Lira,,25-29 M,01:06:15,01:05:01,,551,,,,,
592,48 / 53,Pablo Jose Ferrara,,45-49 M,01:06:40,01:05:03,,157,,,,,
593,21 / 35,Santana Yanina,,30-34 F,01:05:25,01:05:13,,1132,,,,,
594,3 / 7,Marambio Ernesto,,70-74 M,01:06:01,01:05:14,,522,,,,,
595,6 / 10,Ricardo Kurgansky,,65-69 M,01:06:34,01:05:27,,823,,,,,
596,75 / 81,Diego Zavala,,25-29 M,01:06:54,01:05:30,,579,,,,,
597,- / 32,Martin Lattanzio,,0-0 M,01:07:25,01:05:36,,284,,,,,
598,- / 32,Enrique Sandobal,,0-0 M,01:06:53,01:05:37,,92,,,,,
599,31 / 38,Paez Nancy,,40-44 F,01:06:59,01:05:41,,42,,,,,
600,49 / 53,Braña Alejandro,,45-49 M,01:06:59,01:05:41,,42,,,,,
601,76 / 81,Dennehy Martin,,25-29 M,01:07:14,01:05:41,,64,,,,,
602,- / 32,Unknown,,0-0 M,01:12:21,01:05:44,,1051,,,,,
603,7 / 10,Manuel Barrionuevo,,65-69 M,01:06:10,01:05:50,,878,,,,,
604,33 / 39,Portela Natalia,,35-39 F,01:06:11,01:05:52,,221,,,,,
605,41 / 47,Prado Lucas David,,18-24 M,01:06:53,01:05:55,,1284,,,,,
606,34 / 39,Eguia Roxana,,35-39 F,01:06:18,01:05:56,,676,,,,,
607,16 / 20,Adrye Cespedes,,45-49 F,01:07:17,01:06:00,,12,,,,,
608,22 / 35,Cecilia Leal,,30-34 F,01:06:35,01:06:02,,114,,,,,
609,62 / 68,Leivas Sebastian,,40-44 M,01:06:54,01:06:02,,252,,,,,
610,17 / 27,Blosztejn Romina,,25-29 F,01:07:42,01:06:12,,671,,,,,
611,10 / 17,Perla Benitez,,50-54 F,01:06:33,01:06:13,,59,,,,,
612,- / 32,Unknown,,0-0 M,01:07:45,01:06:26,,1226,,,,,
613,23 / 35,Giselle Souble,,30-34 F,01:08:10,01:06:29,,584,,,,,
614,69 / 70,Gimenez Sebastian Marcos Gim,,35-39 M,01:07:59,01:06:36,,695,,,,,
615,1 / 2,Sol Rois,,1-17 F,01:08:08,01:06:41,,18,,,,,
616,- / 2,Romina Ruscio,,0-0 F,01:07:40,01:06:52,,332,,,,,
617,27 / 27,Reinaga Dario,,50-54 M,01:07:48,01:06:54,,1277,,,,,
618,8 / 10,Fiasqui Vicente,,65-69 M,01:07:49,01:06:55,,1281,,,,,
619,68 / 77,Urrea Diego,,30-34 M,01:07:39,01:07:03,,548,,,,,
620,24 / 35,Delcampo Natalia,,30-34 F,01:08:42,01:07:12,,1298,,,,,
621,11 / 17,Lilian Falconier,,50-54 F,01:08:38,01:07:13,,446,,,,,
622,25 / 35,Andrea Isabel Vera Benitez,,30-34 F,01:07:44,01:07:25,,321,,,,,
623,26 / 35,Texera Karina Paola,,30-34 F,01:08:56,01:07:26,,1268,,,,,
624,69 / 77,Anibal Pedro Furcinitto,,30-34 M,01:08:11,01:07:32,,827,,,,,
625,32 / 38,Elba Abalos,,40-44 F,01:10:22,01:07:32,,621,,,,,
626,70 / 70,Brond Leonardo,,35-39 M,01:07:40,01:07:34,,848,,,,,
627,70 / 77,Caraballo Agustin,,30-34 M,01:08:32,01:07:34,,747,,,,,
628,13 / 15,Caraballo Fernando,,60-64 M,01:08:32,01:07:35,,746,,,,,
629,77 / 81,Salinas Alfredo,,25-29 M,01:09:16,01:07:43,,63,,,,,
630,18 / 27,Tkaczuk Daniela Ayelén,,25-29 F,01:08:16,01:07:46,,1137,,,,,
631,42 / 47,Schmift Guillermo Pablo,,18-24 M,01:08:16,01:07:46,,1138,,,,,
632,1 / 4,Lovegrove Susana Elba,,60-64 F,01:07:53,01:07:49,,40,,,,,
633,20 / 26,Fernandez Hector Daniel,,55-59 M,01:07:56,01:07:52,,39,,,,,
634,21 / 26,Berto Emilio,,55-59 M,01:09:15,01:07:53,,1333,,,,,
635,17 / 20,Mara Rodriguez,,45-49 F,01:08:49,01:07:55,,83,,,,,
636,63 / 68,Rodrigo Eugenio Federico,,40-44 M,01:08:49,01:07:55,,84,,,,,
637,7 / 9,Brenda Ailen Cioffi,,18-24 F,01:09:22,01:07:57,,130,,,,,
638,9 / 10,Inveninato Pedro,,65-69 M,01:13:11,01:08:05,,1147,,,,,
639,43 / 47,Actis German,,18-24 M,01:13:11,01:08:07,,1163,,,,,
640,64 / 68,Martin Oscar Dal Pozzo,,40-44 M,01:08:24,01:08:13,,29,,,,,
641,35 / 39,Zampar Romina,,35-39 F,01:08:33,01:08:21,,204,,,,,
642,44 / 47,Lagoria Lucas,,18-24 M,01:13:11,01:08:24,,1158,,,,,
643,45 / 47,Valbruni Carlos,,18-24 M,01:13:11,01:08:24,,1157,,,,,
644,78 / 81,Juan Martin Rudaz,,25-29 M,01:09:01,01:08:29,,65,,,,,
645,27 / 35,Caraballo Elida Carolina,,30-34 F,01:10:07,01:08:44,,1246,,,,,
646,71 / 77,Perez Pablo Leonardo,,30-34 M,01:10:07,01:08:44,,1213,,,,,
647,8 / 9,Quaranta Noelia,,18-24 F,01:09:57,01:08:45,,1305,,,,,
648,72 / 77,Saracho Julio,,30-34 M,01:09:57,01:08:45,,841,,,,,
649,1 / 1,Silvia Weissewin,,65-69 F,01:09:59,01:09:02,,397,,,,,
650,28 / 35,De Vita Maria Soledad,,30-34 F,01:09:50,01:09:06,,211,,,,,
651,73 / 77,Gomez Flores Carlos Gaston,,30-34 M,01:09:52,01:09:07,,212,,,,,
652,65 / 68,Quiroga Mariano Hugo,,40-44 M,01:10:42,01:09:07,,1320,,,,,
653,29 / 35,Rattaro Maria Laura,,30-34 F,01:09:53,01:09:08,,538,,,,,
654,46 / 47,Gabriel Alejandro Longarich,,18-24 M,01:10:10,01:09:11,,115,,,,,
655,14 / 15,Alejandro Merel,,60-64 M,01:11:21,01:09:26,,591,,,,,
656,18 / 20,Baira Gesica,,45-49 F,01:09:56,01:09:38,,726,,,,,
657,33 / 38,Lopez Erica,,40-44 F,01:09:56,01:09:38,,800,,,,,
658,36 / 39,Vicente Evangelina,,35-39 F,01:16:25,01:09:41,,1161,,,,,
659,19 / 27,Maria Jimena Sanchez,,25-29 F,01:10:27,01:09:42,,818,,,,,
660,20 / 27,Biglieri Agostina,,25-29 F,01:10:52,01:09:43,,1248,,,,,
661,12 / 17,Seoane Liliana,,50-54 F,01:10:52,01:09:43,,1256,,,,,
662,4 / 7,Russo Norberto Oscar,,70-74 M,01:09:50,01:09:46,,1149,,,,,
663,3 / 5,Guz Irma Rebeca,,55-59 F,01:11:01,01:09:50,,1297,,,,,
664,13 / 17,Careaga Aquino Maria Magdalena,,50-54 F,01:10:54,01:10:07,,849,,,,,
665,50 / 53,Bono Julio Cesar,,45-49 M,01:13:16,01:10:21,,1124,,,,,
666,74 / 77,Rodrigo Ramos,,30-34 M,01:13:14,01:10:27,,155,,,,,
667,30 / 35,Luca Yanina,,30-34 F,01:12:33,01:10:34,,1208,,,,,
668,75 / 77,Cara Francisco,,30-34 M,01:12:33,01:10:34,,1207,,,,,
669,79 / 81,Roberto Zareba,,25-29 M,01:12:19,01:10:46,,472,,,,,
670,80 / 81,Rodrigo Alejandro Novas,,25-29 M,01:12:19,01:10:46,,456,,,,,
671,2 / 4,Adriana Elba Espejo,,60-64 F,01:11:25,01:10:47,,116,,,,,
672,22 / 26,Ortuño Dante,,55-59 M,01:12:13,01:10:54,,842,,,,,
673,21 / 27,Romina Kamitz,,25-29 F,01:11:40,01:10:58,,118,,,,,
674,51 / 53,Jorge La Padula,,45-49 M,01:13:14,01:11:02,,142,,,,,
675,14 / 17,Sotomayor Gimenez Paulina Mirian,,50-54 F,01:13:34,01:11:35,,547,,,,,
676,19 / 20,Iruzun Leda,,45-49 F,01:12:25,01:11:40,,178,,,,,
677,10 / 10,Jose Luis Entebi,,65-69 M,01:12:39,01:11:47,,81,,,,,
678,23 / 26,Luis Cabello,,55-59 M,01:13:31,01:11:56,,408,,,,,
679,34 / 38,Palavecino Maria Del Lujan,,40-44 F,01:13:32,01:11:59,,260,,,,,
680,66 / 68,Juan Urrutia,,40-44 M,01:13:04,01:12:06,,337,,,,,
681,15 / 17,Maria Fernanda Vidal,,50-54 F,01:13:18,01:12:21,,600,,,,,
682,9 / 9,Priegue Rosario,,18-24 F,01:14:06,01:12:24,,1247,,,,,
683,67 / 68,Moro Gustavo Adrian,,40-44 M,01:13:06,01:12:30,,1264,,,,,
684,- / 32,Unknown,,0-0 M,01:14:02,01:12:35,,1217,,,,,
685,35 / 38,Coman Nora Beatris,,40-44 F,01:13:35,01:12:44,,266,,,,,
686,36 / 38,Lorena Ivon Bacaicoa,,40-44 F,01:12:52,01:12:47,,121,,,,,
687,22 / 27,Di Liscia Maria Florencia,,25-29 F,01:13:22,01:12:58,,46,,,,,
688,5 / 7,Nestor Leonardo Besada,,70-74 M,01:13:29,01:13:02,,119,,,,,
689,16 / 17,Inzaurraga Beatriz,,50-54 F,01:14:37,01:13:06,,667,,,,,
690,37 / 38,Valeria Bertazza,,40-44 F,01:13:41,01:13:16,,62,,,,,
691,52 / 53,Portillo Javier,,45-49 M,01:15:54,01:13:53,,1339,,,,,
692,81 / 81,Nicomedes Aranda,,25-29 M,01:17:01,01:14:11,,619,,,,,
693,24 / 26,Martínez Carlos Alberto,,55-59 M,01:15:52,01:14:57,,255,,,,,
694,31 / 35,Bruch Tatiana,,30-34 F,01:15:52,01:15:06,,713,,,,,
695,3 / 4,Wachtmeister Maria Del Carmen,,60-64 F,01:16:06,01:15:18,,0,,,,,
696,25 / 26,Mauricio Mangioni,,55-59 M,01:16:27,01:15:20,,630,,,,,
697,20 / 20,Otero Elizabeth Ingrid,,45-49 F,01:16:11,01:15:26,,799,,,,,
698,23 / 27,Cintia Picon,,25-29 F,01:16:31,01:15:35,,107,,,,,
699,2 / 2,Pia Maria Florencia,,1-17 F,01:17:25,01:15:53,,658,,,,,
700,24 / 27,Burruchaga Ferreira Mercedes,,25-29 F,01:16:56,01:16:02,,865,,,,,
701,53 / 53,Daniel Martinez Borda,,45-49 M,01:17:58,01:16:07,,392,,,,,
702,76 / 77,Luciano Amoroso,,30-34 M,01:19:03,01:16:08,,24,,,,,
703,32 / 35,Soledad Zavala,,30-34 F,01:18:35,01:17:12,,645,,,,,
704,26 / 26,Monachesi Vicente,,55-59 M,01:19:44,01:18:06,,267,,,,,
705,4 / 5,Stella Fernandez,,55-59 F,01:19:00,01:18:33,,625,,,,,
706,37 / 39,Moreno Paredes Graciela,,35-39 F,01:19:58,01:18:36,,734,,,,,
707,33 / 35,Jesica Cruces,,30-34 F,01:18:58,01:18:37,,99,,,,,
708,4 / 4,Rojas Norma Beatriz,,60-64 F,01:19:54,01:19:16,,1206,,,,,
709,34 / 35,Renna Noelia,,30-34 F,01:19:52,01:19:29,,44,,,,,
710,38 / 39,Carolina Sanchez Castillo,,35-39 F,01:21:44,01:19:30,,583,,,,,
711,25 / 27,Natali Llompart,,25-29 F,01:21:44,01:19:30,,564,,,,,
712,6 / 7,Sagardoyburu Juan Carlos,,70-74 M,01:21:24,01:20:09,,513,,,,,
713,38 / 38,Negretti Paola Lorena,,40-44 F,01:20:46,01:20:11,,1209,,,,,
714,26 / 27,Torales Lourdes Anahi,,25-29 F,01:23:46,01:22:00,,1145,,,,,
715,77 / 77,Torales Alfredo,,30-34 M,01:23:46,01:22:01,,1106,,,,,
716,- / 2,Felicitas Contino,,0-0 F,01:23:44,01:23:03,,387,,,,,
717,17 / 17,Marcone Maria A,,50-54 F,01:23:43,01:23:15,,49,,,,,
718,5 / 5,Perez Marta,,55-59 F,01:24:28,01:24:00,,665,,,,,
719,15 / 15,Gorisch Norberto,,60-64 M,01:24:08,01:24:01,,1250,,,,,
720,7 / 7,Attis Eduardo,,70-74 M,01:31:52,01:30:37,,503,,,,,
721,27 / 27,Valeria Vilcapuma,,25-29 F,01:32:05,01:30:42,,597,,,,,
722,39 / 39,Paz Valeria Ines,,35-39 F,01:38:12,01:36:41,,1275,,,,,
723,35 / 35,Romero Magdalena,,30-34 F,01:38:15,01:36:44,,1196,,,,,
724,47 / 47,Castro Juan,,18-24 M,01:38:14,01:37:40,,706,,,,,
